{
  "mean_rank": 122.82243684992571,
  "hits@k": {
    "1": 0.1601040118870728,
    "3": 0.2587295690936107,
    "5": 0.3192793462109955,
    "10": 0.412704309063893
  }
}