{
  "mean_rank": 181.64661862527717,
  "hits@k": {
    "1": 0.09146341463414634,
    "3": 0.16213968957871397,
    "5": 0.2075942350332594,
    "10": 0.28991130820399114
  }
}