{
  "has_disease": [
    0.08967717736959457,
    -0.04687514901161194,
    -0.07060130685567856,
    0.21756650507450104,
    -0.05176860839128494,
    0.13007597625255585,
    0.2571542263031006,
    -0.27138563990592957,
    -0.21757537126541138,
    -0.14518442749977112,
    0.1642957329750061,
    -0.10737590491771698,
    -0.29141783714294434,
    -0.07002322375774384,
    -0.2844356298446655,
    0.021382585167884827,
    0.19547885656356812,
    -0.2643567621707916,
    -0.10620535165071487,
    0.08261444419622421,
    -0.2287537157535553,
    -0.10583072155714035,
    -0.20270979404449463,
    0.3490278124809265,
    0.07187177985906601,
    0.1297125220298767,
    -0.03263283148407936,
    -0.12078295648097992,
    -0.05762207508087158,
    -0.12932534515857697,
    -0.3012154698371887,
    -0.07974458485841751,
    0.12611296772956848,
    0.36313968896865845,
    -0.07494570314884186,
    -0.019283968955278397,
    0.2751917243003845,
    -0.09133142232894897,
    0.1510237157344818,
    -0.02826382964849472,
    0.011917664669454098,
    0.33883824944496155,
    0.4016604423522949,
    0.19660602509975433,
    0.07542279362678528,
    -0.14372454583644867,
    -0.17683294415473938,
    0.03936558589339256,
    -0.044490814208984375,
    0.019546877592802048
  ],
  "has_feature": [
    0.24206314980983734,
    -0.24474667012691498,
    0.30591052770614624,
    0.25563445687294006,
    -0.41917625069618225,
    0.2355719655752182,
    0.2959176301956177,
    -0.22948794066905975,
    -0.16108182072639465,
    -0.2669137716293335,
    -0.15320643782615662,
    0.09386759251356125,
    -0.340201735496521,
    -0.21742181479930878,
    -0.34490013122558594,
    -0.318766713142395,
    -0.19818662106990814,
    -0.32667815685272217,
    -0.25723400712013245,
    -0.07061570137739182,
    -0.10751329362392426,
    -0.022298919036984444,
    0.04192177951335907,
    0.22344376146793365,
    0.014505727216601372,
    0.34790730476379395,
    -0.23860134184360504,
    -0.23222991824150085,
    -0.3378010392189026,
    0.33040446043014526,
    -0.12325988709926605,
    -0.2461954653263092,
    -0.23771844804286957,
    0.3104202151298523,
    -0.3294124901294708,
    -0.20053128898143768,
    0.1918320208787918,
    0.27124643325805664,
    0.146278515458107,
    0.027385849505662918,
    0.21736176311969757,
    0.1129642203450203,
    0.20099776983261108,
    0.21546512842178345,
    -0.31541863083839417,
    0.03148926421999931,
    -0.30047085881233215,
    -0.43625694513320923,
    0.12827999889850616,
    0.1524229347705841
  ],
  "has_mutation": [
    0.10979592055082321,
    -0.11765831708908081,
    -0.08957473933696747,
    0.08704813569784164,
    -0.2529035210609436,
    0.2972901463508606,
    -0.020192168653011322,
    -0.165949285030365,
    0.037436604499816895,
    -0.05667131394147873,
    0.11721941828727722,
    0.24190157651901245,
    -0.21333876252174377,
    -0.13921628892421722,
    -0.16885818541049957,
    -0.11492358893156052,
    0.004804035183042288,
    -0.11103855073451996,
    -0.13014616072177887,
    0.21950086951255798,
    0.10084628313779831,
    -0.022344231605529785,
    -0.06000743806362152,
    0.17324306070804596,
    0.10008855164051056,
    0.3856201171875,
    -0.11405183374881744,
    0.181609645485878,
    -0.207914337515831,
    -0.014599192887544632,
    0.057378217577934265,
    -0.039365626871585846,
    -0.022632259875535965,
    0.07108736038208008,
    -0.2193787544965744,
    -0.4006582498550415,
    -0.03422496095299721,
    -0.12087902426719666,
    -0.11984924226999283,
    -0.3051186501979828,
    -0.16984806954860687,
    -0.08907145261764526,
    0.3187922537326813,
    -0.10348524153232574,
    -0.1158020943403244,
    -0.1093367263674736,
    -0.06104002892971039,
    0.07888930290937424,
    0.02824293076992035,
    0.26440951228141785
  ],
  "is_feature_of_disease": [
    -0.19378745555877686,
    0.20643894374370575,
    -0.35948964953422546,
    -0.005744469352066517,
    0.4125834107398987,
    -0.11686161905527115,
    0.015772800892591476,
    -0.05451604723930359,
    -0.046643465757369995,
    0.11450408399105072,
    0.3353554606437683,
    -0.1640021800994873,
    0.030169827863574028,
    0.17545506358146667,
    0.031002219766378403,
    0.35433974862098694,
    0.39326637983322144,
    0.0835307240486145,
    0.16463302075862885,
    0.21868519484996796,
    -0.13274261355400085,
    -0.2261710911989212,
    -0.22537760436534882,
    0.15903080999851227,
    0.18338337540626526,
    -0.2063221037387848,
    0.20471999049186707,
    0.08010461181402206,
    0.28569501638412476,
    -0.4930798411369324,
    -0.19976630806922913,
    0.15197627246379852,
    0.4228624701499939,
    0.06762028485536575,
    0.2747921645641327,
    0.2033742368221283,
    0.09332142770290375,
    -0.3683129549026489,
    0.02033177576959133,
    -0.13920746743679047,
    -0.22904261946678162,
    0.21778328716754913,
    0.2416902482509613,
    -0.030172228813171387,
    0.3760802447795868,
    -0.18281981348991394,
    0.14384448528289795,
    0.44824132323265076,
    -0.14664943516254425,
    -0.17296405136585236
  ],
  "is_feature_of_mutation": [
    -0.1914120465517044,
    0.13520240783691406,
    -0.4005292057991028,
    -0.13092553615570068,
    0.05044861510396004,
    0.04664142429828644,
    -0.16158930957317352,
    0.07418608665466309,
    0.2103389948606491,
    0.16241534054279327,
    0.2827392816543579,
    0.24204938113689423,
    0.11315302550792694,
    0.07262671738862991,
    0.23548854887485504,
    0.20384152233600616,
    0.20889325439929962,
    0.2235289067029953,
    0.12792269885540009,
    0.4235832691192627,
    0.20579491555690765,
    -0.07671099901199341,
    -0.1065710186958313,
    -0.026247549802064896,
    0.21675793826580048,
    0.05483497679233551,
    0.13705839216709137,
    0.42912623286247253,
    0.13058455288410187,
    -0.3484729528427124,
    0.19608525931835175,
    0.21309779584407806,
    0.21108070015907288,
    -0.23866942524909973,
    0.11266610771417618,
    -0.21650634706020355,
    -0.23206602036952972,
    -0.4978811740875244,
    -0.2853265404701233,
    -0.36127138137817383,
    -0.40759021043777466,
    -0.20948126912117004,
    0.15919914841651917,
    -0.31623655557632446,
    0.2081720530986786,
    -0.1614450365304947,
    0.2911958694458008,
    0.4500894844532013,
    -0.09345284104347229,
    0.10113715380430222
  ]
}