{
  "has_disorder": [
    0.04429979622364044,
    -0.11009293049573898,
    -0.10159455239772797,
    -0.06300914287567139,
    -0.05018226429820061,
    -0.0668409913778305,
    -0.0657205879688263,
    -0.2039421945810318,
    -0.07358472794294357,
    -0.06284158676862717,
    0.3300967514514923,
    -0.30045992136001587,
    0.09326449036598206,
    -0.029001932591199875,
    -0.35766538977622986,
    -0.17856931686401367,
    -0.10231591761112213,
    -0.16387030482292175,
    -0.1685284525156021,
    0.13770297169685364,
    0.12949222326278687,
    0.16896726191043854,
    -0.21555408835411072,
    -0.03443829342722893,
    0.09522302448749542,
    0.4099891781806946,
    0.04217449203133583,
    -0.29516735672950745,
    -0.19727547466754913,
    -0.0062422300688922405,
    -0.3627431094646454,
    -0.2144404500722885,
    -0.005222952459007502,
    -0.05223988741636276,
    0.12117786705493927,
    0.056644149124622345,
    -0.10706955194473267,
    0.13404828310012817,
    0.24241088330745697,
    0.07644742727279663,
    0.12988504767417908,
    0.37216636538505554,
    0.3971843421459198,
    0.2798610031604767,
    -0.14668558537960052,
    0.10663455724716187,
    0.13555766642093658,
    -0.2906438708305359,
    -0.18994572758674622,
    -0.027911324054002762
  ],
  "has_feature": [
    0.2133132964372635,
    -0.12817487120628357,
    0.02537398971617222,
    -0.47214120626449585,
    -0.4375608265399933,
    0.2862633466720581,
    -0.12657612562179565,
    -0.24078020453453064,
    -0.2628030776977539,
    -0.19432146847248077,
    0.3544807732105255,
    -0.3402732312679291,
    0.21794776618480682,
    -0.11574052274227142,
    -0.20345048606395721,
    -0.3007985055446625,
    0.23950918018817902,
    -0.295791357755661,
    -0.20939704775810242,
    0.2453773319721222,
    -0.1948942095041275,
    -0.26268652081489563,
    -0.04460223764181137,
    0.14926078915596008,
    0.292158305644989,
    0.3438461124897003,
    0.10950671136379242,
    -0.09612501412630081,
    -0.33661067485809326,
    0.09315124154090881,
    -0.24709339439868927,
    -0.10563579201698303,
    -0.17194496095180511,
    -0.46060118079185486,
    -0.30444735288619995,
    -0.2441054880619049,
    -0.09054955840110779,
    -0.4003463685512543,
    0.27246174216270447,
    0.016596877947449684,
    -0.03284958377480507,
    0.20923517644405365,
    0.19672799110412598,
    -0.13143779337406158,
    -0.12655076384544373,
    0.3589087426662445,
    -0.16557206213474274,
    -0.3374665379524231,
    -0.08739081770181656,
    0.38057443499565125
  ],
  "is_feature_of": [
    -0.17913512885570526,
    -0.09752780199050903,
    -0.17932245135307312,
    0.32477867603302,
    0.2851199507713318,
    -0.3484586775302887,
    0.051165394484996796,
    0.04122422635555267,
    0.1886330395936966,
    0.14285282790660858,
    -0.030622297897934914,
    -0.10137952119112015,
    -0.11375671625137329,
    0.10811608284711838,
    -0.1903999298810959,
    0.1112794578075409,
    -0.38142067193984985,
    0.14509841799736023,
    0.015082883648574352,
    -0.1945880651473999,
    0.2853488028049469,
    0.4977725148200989,
    -0.29762768745422363,
    -0.19004562497138977,
    -0.3289765417575836,
    0.10561827570199966,
    -0.06863049417734146,
    -0.2142738401889801,
    0.1700083166360855,
    -0.2993338406085968,
    -0.19952452182769775,
    -0.1750248521566391,
    0.2694754898548126,
    0.3233618438243866,
    0.4286288917064667,
    0.29697945713996887,
    -0.04378306120634079,
    0.5669124722480774,
    0.003130023367702961,
    0.07259844243526459,
    0.17364348471164703,
    0.20445990562438965,
    0.2656993865966797,
    0.4346526265144348,
    -0.03056611865758896,
    -0.23620398342609406,
    0.3598942160606384,
    0.03737914189696312,
    -0.13302500545978546,
    -0.43607813119888306
  ]
}