{
  "mean_rank": 2612.4316397228636,
  "hits@k": {
    "1": 0.011316397228637413,
    "3": 0.025968693867077237,
    "5": 0.03636130356684629,
    "10": 0.05691557608416731
  }
}