{
  "is_a": [
    -0.07811052352190018,
    0.016034740954637527,
    0.07805626094341278,
    0.06851523369550705,
    -0.10233043879270554,
    -0.07217386364936829,
    0.06711865216493607,
    0.08172638714313507,
    0.11318337917327881,
    -0.04616408050060272,
    0.12068957090377808,
    0.0884578675031662,
    0.10562911629676819,
    0.041549503803253174,
    0.12039843201637268,
    0.13815556466579437,
    0.037950336933135986,
    -0.03708101436495781,
    -0.07969141751527786,
    0.028307607397437096,
    0.0686996728181839,
    -0.06995826214551926,
    0.008091576397418976,
    -0.10531695932149887,
    0.004568202421069145,
    0.10291784256696701,
    0.07725617289543152,
    -0.07261266559362411,
    -0.10022789984941483,
    -0.0008910909527912736,
    -0.004174406640231609,
    -0.01583915390074253,
    -0.07156231254339218,
    0.07925911992788315,
    0.043251506984233856,
    0.06482183188199997,
    -0.0006136276060715318,
    -0.004190385341644287,
    0.05639014393091202,
    -0.019559498876333237,
    0.053055308759212494,
    -0.0311557799577713,
    0.10246861726045609,
    -0.12756940722465515,
    0.04123064875602722,
    -0.1018875390291214,
    0.06433741748332977,
    -0.05372815579175949,
    0.09395129233598709,
    -0.0158477034419775
  ],
  "is_feature_of_disease": [
    0.23582281172275543,
    -0.40658727288246155,
    0.2239808291196823,
    -0.2505316436290741,
    -0.3660144805908203,
    0.36089563369750977,
    0.3006080985069275,
    -0.38665685057640076,
    -0.3715786635875702,
    -0.4177435040473938,
    -0.2696496844291687,
    -0.24373207986354828,
    -0.2397485375404358,
    -0.4682687819004059,
    0.13860400021076202,
    0.4191778302192688,
    -0.3571185767650604,
    -0.22792744636535645,
    0.33417344093322754,
    -0.39201027154922485,
    -0.33029377460479736,
    -0.3794876039028168,
    -0.4371778070926666,
    -0.3068615794181824,
    -0.38608431816101074,
    0.08337019383907318,
    -0.4162031412124634,
    0.038662608712911606,
    0.391197144985199,
    -0.2131924331188202,
    -0.3523046374320984,
    0.41740816831588745,
    0.1940021961927414,
    -0.18912193179130554,
    -0.22378386557102203,
    0.3764987587928772,
    0.22597400844097137,
    -0.2431875318288803,
    0.2275463491678238,
    -0.26468557119369507,
    0.3185671865940094,
    -0.3664940297603607,
    -0.38473206758499146,
    -0.4026776850223541,
    -0.3382801413536072,
    0.2894158363342285,
    -0.2552982568740845,
    -0.3669072389602661,
    -0.39696264266967773,
    -0.38121241331100464
  ]
}